ID,TopConfigs
tile:xla:tf2_bert_pretrain_dynamic_batch_size_17bee19988091169,625;838;102;1045;627
tile:xla:inception_v3_batch_128_train_7c1d1cdcde30d95a,0;12;11;4;10
tile:xla:inception_v3_batch_128_train_6e4a91e0f8e91eab,0;4;5;3;2
tile:xla:inception_v3_batch_128_train_-744232cf7b723125,0;25;22;23;24
tile:xla:inception_v3_batch_128_train_-487d795919eeb9cb,32;26;0;27;19
tile:xla:tf2_bert_pretrain_dynamic_batch_size_-5f45d61c389eb5e4,883;1043;0;149;296
tile:xla:resnet_v1_50_official_batch_128_bf16_-7f6ee18d8d8c3d24,2671;2021;2359;2371;1170
tile:xla:inception_v3_batch_128_train_-4e2af352e5f7f943,2000;914;564;229;120
tile:xla:mlperf_bert_batch_24_2x2_-1493d709cc9fc17f,0;9;15;19;29
tile:xla:resnet_v1_50_official_batch_128_bf16_-7bd4bc65efcdd152,1471;4805;4839;5374;1999
tile:xla:inception_v3_batch_128_train_-6ac7e10c0cd68002,124;196;55;127;60
tile:xla:resnet_v1_50_official_batch_128_bf16_2ae0d1e2cde91041,0;88;173;176;264
tile:xla:mlperf_bert_batch_24_2x2_-1a5a4496186ffe2f,879;703;174;87;791
tile:xla:inception_v3_batch_128_train_-39add2ba14a7791d,206;208;211;204;0
tile:xla:resnet50.4x4.fp16_-7ae0e378d1ecabe4,2290;951;2378;2113;796
tile:xla:resnet_v1_50_official_batch_128_bf16_-1c133b0faa680ca8,469;709;352;1183;470
tile:xla:bert_pretraining.4x4.fp16_4ca360dd65278ba5,102;80;16;81;162
tile:xla:resnet50.4x4.fp16_133520246c8652ae,214;463;904;532;380
tile:xla:inception_v3_batch_128_train_-becff2150ef3917,91;133;52;12;104
tile:xla:inception_v3_batch_128_train_5af376e9824258fb,0;115;117;105;78
tile:xla:inception_v3_batch_128_train_2db34bd64fd6140b,0;10;8;5;11
tile:xla:tf2_bert_pretrain_dynamic_batch_size_5bf5497fca0cced1,0;76;153;230;307
tile:xla:resnet_v1_50_official_batch_128_bf16_-5bd36338f916b198,1698;1699;149;677;169
tile:xla:inception_v3_batch_128_train_-211420ad957d841,7;0;5;10;16
tile:xla:mlperf_bert_batch_24_2x2_-4725e1f98e815896,82;256;255;25;168
tile:xla:mlperf_bert_batch_24_2x2_-3b159a3996ec3208,34;0;8;16;17
tile:xla:resnet50.4x4.fp16_5655af911e793420,304;281;120;1197;437
tile:xla:resnet_v1_50_official_batch_128_bf16_32e0c49e6902c3d,1451;2802;2498;1453;1443
tile:xla:inception_v3_batch_128_train_3772a3dd37b9622,0;351;352;703;350
tile:xla:inception_v3_batch_128_train_-bbfb5efbb9ad8e6,801;628;473;0;80
tile:xla:inception_v3_batch_128_train_-2dfac69200b5c10b,0;10;9;7;8
tile:xla:inception_v3_batch_128_train_6623bf5ce4735809,0;21;39;43;64
tile:xla:resnet50.4x4.fp16_-78d505e64d4109a4,519;671;464;1323;0
tile:xla:inception_v3_batch_128_train_7c406b36663f0fcd,219;0;73;147;221
tile:xla:inception_v3_batch_128_train_-35abb85c09e6d973,70;110;198;194;147
tile:xla:inception_v3_batch_128_train_-1575219d04019e41,0;502;489;222;172
tile:xla:resnet_v1_50_official_batch_128_bf16_343e268666f1eb4b,746;2135;567;3065;1536
tile:xla:inception_v3_batch_128_train_1cc225fea8f13dc0,0;9;8;6;7
tile:xla:tf2_bert_pretrain_dynamic_batch_size_4a412ccfebbf4a5c,37;55;17;94;188
tile:xla:mlperf_bert_batch_24_2x2_238e85ac62db522a,3650;3342;2706;2096;503
tile:xla:resnet_v1_50_official_batch_128_bf16_6bf0f7ec1986fc70,349;1176;1065;221;696
tile:xla:resnet50.4x4.fp16_4ea373a7f5ff860a,651;193;1787;94;679
tile:xla:inception_v3_batch_128_train_-f5c37917543814e,450;0;45;84;91
tile:xla:inception_v3_batch_128_train_6bdbc8fe7061b80e,0;8;6;3;5
tile:xla:resnet_v1_50_official_batch_128_bf16_-2bd8035713729cdc,1821;0;307;614;922
tile:xla:resnet_v1_50_official_batch_128_bf16_-671367a83940af1,2719;2177;1817;1841;779
tile:xla:resnet_v1_50_official_batch_128_bf16_-6c9ba17f03cc856d,511;488;1118;342;472
tile:xla:inception_v3_batch_128_train_670e6d8ebcc8d3e8,362;134;85;452;0
tile:xla:resnet_v1_50_official_batch_128_bf16_30dfdc4aa7273c82,667;683;2401;2412;2756
tile:xla:resnet_v1_50_official_batch_128_bf16_-46a5a08744b1109b,52;142;106;15;0
tile:xla:resnet_v1_50_official_batch_128_bf16_625135c8668ce9e5,290;451;1899;481;969
tile:xla:bert_pretraining.4x4.fp16_70fbda9d27f8a296,476;0;67;130;135
tile:xla:resnet_v1_50_official_batch_128_bf16_3d23b0f30a438287,681;644;3596;2876;1797
tile:xla:mlperf_bert_batch_24_2x2_63f04d4486fe37ed,69;65;0;35;71
tile:xla:inception_v3_batch_128_train_-6780e512efa67915,0;121;124;101;54
tile:xla:bert_pretraining.4x4.fp16_-2e34c328e74763ba,0;20;38;41;62
tile:xla:inception_v3_batch_128_train_-5d59c9b90b5c0b2b,0;268;264;225;266
tile:xla:resnet_v1_50_official_batch_128_bf16_-4795119fa5d708f7,3703;9626;545;1982;6948
tile:xla:inception_v3_batch_128_train_-3d07f697019e3cd3,0;62;125;188;251
tile:xla:mlperf_bert_batch_24_2x2_36a3a08119c715b8,14;38;4;8;48
tile:xla:resnet50.4x4.fp16_4dc42c0825d8dacf,1221;496;892;160;1106
tile:xla:resnet_v1_50_official_batch_128_bf16_-2edfb677d00d65a0,507;4233;3179;5835;849
tile:xla:bert_pretraining.4x4.fp16_339088db6f19cf75,13;8;0;4;9
tile:xla:mlperf_bert_batch_24_2x2_eff7cdc303d11b8,0;229;364;460;688
tile:xla:inception_v3_batch_128_train_68c07f4deb966dd7,0;11;12;10;5
tile:xla:inception_v3_batch_128_train_-39e85cbddc1ac1fd,371;307;0;62;117
tile:xla:inception_v3_batch_128_train_76efb3bc58b9a88f,0;10;8;9;1
tile:xla:resnet50.4x4.fp16_-4852824adad0b2a5,798;1365;4145;2925;2284
tile:xla:bert_pretraining.4x4.fp16_6ed40f8b9d970c45,61;41;0;6;7
tile:xla:mlperf_bert_batch_24_2x2_462125cc75873609,130;166;74;184;36
tile:xla:inception_v3_batch_128_train_-3492b1fa7fbe344e,517;136;694;369;613
tile:xla:resnet_v1_50_official_batch_128_bf16_-53d732ba7a3e96aa,1577;2029;245;253;1567
tile:xla:mlperf_bert_batch_24_2x2_-132dd84b121a1252,23;193;241;217;170
tile:xla:resnet_v1_50_official_batch_128_bf16_-6be874bfe1e70aa3,1088;2708;2730;1025;1643
tile:xla:inception_v3_batch_128_train_4bc8573f7ef12539,621;0;65;115;131
tile:xla:resnet50.4x4.fp16_10aacc3ccca97c02,5541;5483;7617;3474;3389
tile:xla:mlperf_bert_batch_24_2x2_-3c38518f75e0e7,2904;2173;1453;2878;2850
tile:xla:inception_v3_batch_128_train_-337c93b8d47936df,193;222;274;271;129
tile:xla:inception_v3_batch_128_train_3b6f107f8e961b55,0;25;22;23;24
tile:xla:inception_v3_batch_128_train_75c767bec83db885,30;29;28;0;27
tile:xla:inception_v3_batch_128_train_251daf2393effe97,0;388;777;1166;1554
tile:xla:mlperf_bert_batch_24_2x2_4a19951e720e3ef,166;130;184;36;74
tile:xla:resnet_v1_50_official_batch_128_bf16_-2443b8c668d5432b,482;807;1664;1473;1649
tile:xla:resnet50.4x4.fp16_1d3c5a8eff97451a,2321;1067;2716;1858;1036
tile:xla:inception_v3_batch_128_train_72a15d2b523e653d,17;0;14;16;9
tile:xla:resnet_v1_50_official_batch_128_bf16_48223881f17fb965,1915;3207;959;1600;614
tile:xla:mlperf_bert_batch_24_2x2_2e1adec77790ef7e,33;22;3;13;34
tile:xla:resnet_v1_50_official_batch_128_bf16_-144269c3ef5bef72,2173;1144;188;1309;6104
tile:xla:resnet50.4x4.fp16_601700ce11e9fa55,624;1731;959;1638;2142
tile:xla:mlperf_bert_batch_24_2x2_-1975dbd98f2e180d,0;12;24;36;48
tile:xla:inception_v3_batch_128_train_7e6f7bf664aab8e4,0;8;6;7;5
tile:xla:inception_v3_batch_128_train_-45d3ededd73a814f,0;32;25;39;38
tile:xla:inception_v3_batch_128_train_-3c9ebc44405cd5ab,0;40;43;39;20
tile:xla:inception_v3_batch_128_train_13b9f5b95a47127a,0;49;98;149;200
tile:xla:bert_pretraining.4x4.fp16_-4dd341a0a2b70619,414;0;69;126;139
tile:xla:resnet_v1_50_official_batch_128_bf16_-24a55bdb3b900991,484;815;1639;1673;1481
tile:xla:resnet50.4x4.fp16_-7c9af6263f61a0ce,773;265;338;404;401
tile:xla:inception_v3_batch_128_train_-482b4f7ee9f87b27,249;0;283;240;163
tile:xla:inception_v3_batch_128_train_40d8ecf69700b527,10;9;0;8;6
tile:xla:mlperf_bert_batch_24_2x2_-45f5fb1a0134c370,306;419;352;2020;2370
tile:xla:tf2_bert_pretrain_dynamic_batch_size_-3ed1f1f158df9d73,109;0;18;37;56
tile:xla:inception_v3_batch_128_train_3b65e4f623d60b9d,138;291;61;362;219
tile:xla:bert_pretraining.4x4.fp16_e0e5819b290ddf3,159;156;572;814;406
tile:xla:resnet_v1_50_official_batch_128_bf16_-7f714760fbb53b9b,9990;8505;9924;5212;9726
tile:xla:resnet_v1_50_official_batch_128_bf16_-791f0836ba246c26,1460;1859;74;910;589
tile:xla:resnet_v1_50_official_batch_128_bf16_510778211a244d82,7337;6653;6909;8945;2716
tile:xla:bert_pretraining.4x4.fp16_-30ecc4ab8d2d8038,152;101;0;25;51
tile:xla:resnet_v1_50_official_batch_128_bf16_-54178fad83fe46f8,5747;2291;2873;5077;5074
tile:xla:tf2_bert_pretrain_dynamic_batch_size_27b2fda7f900d351,57;207;615;261;260
tile:xla:inception_v3_batch_128_train_17f4f6a7f31caa51,337;36;74;35;375
tile:xla:inception_v3_batch_128_train_-1b691c5e79dbaf04,0;118;119;104;63
tile:xla:tf2_bert_pretrain_dynamic_batch_size_-1aea503fcc0481da,844;210;0;105;211
tile:xla:bert_pretraining.4x4.fp16_-51f5a40ac06e51cc,381;86;323;188;42
tile:xla:tf2_bert_pretrain_dynamic_batch_size_-5ef9ad36eeed1502,36;51;66;12;73
tile:xla:inception_v3_batch_128_train_-5111ff6edc40b68d,225;0;93;166;187
tile:xla:tf2_bert_pretrain_dynamic_batch_size_519925e8050989a0,706;461;471;58;628
tile:xla:resnet50.4x4.fp16_77c1c828b7acec09,350;1548;1502;94;1428
tile:xla:unet_3d.4x4.bf16_-563d7c5458dedfa9,999;0;755;631;996
tile:xla:inception_v3_batch_128_train_7b65ad751635331c,0;369;663;737;987
tile:xla:inception_v3_batch_128_train_30f32ae432703bef,0;10;12;11;5
tile:xla:resnet_v1_50_official_batch_128_bf16_69177ac434b25e11,593;599;446;0;75
tile:xla:inception_v3_batch_128_train_-2e64c80c06b99d9a,29;30;24;26;23
tile:xla:inception_v3_batch_128_train_-1b749fc68a85c61,38;39;37;36;34
tile:xla:inception_v3_batch_128_train_-6a5d4a404fce1d17,0;156;313;474;525
tile:xla:resnet_v1_50_official_batch_128_bf16_2f8d21121506c5b6,456;1088;871;1455;1585
tile:xla:resnet50.4x4.fp16_-ee455f7a3a7ec94,398;212;310;290;388
tile:xla:resnet_v1_50_official_batch_128_bf16_-11eca1b246accbac,1041;1115;1887;2490;1038
tile:xla:resnet50.4x4.fp16_-2a38ea52e2c467f6,67;33;32;66;29
tile:xla:inception_v3_batch_128_train_e592ab47afe4cc4,0;3;4;5;2
tile:xla:inception_v3_batch_128_train_346e5922bd71d655,56;54;55;53;57
tile:xla:mlperf_bert_batch_24_2x2_518e6eb9b7727218,2211;1970;737;2947;874
tile:xla:resnet50.4x4.fp16_29a3276bc8768914,4313;6936;6254;6488;5726
tile:xla:inception_v3_batch_128_train_-3abbca53dce8dc5a,240;60;218;62;66
tile:xla:resnet_v1_50_official_batch_128_bf16_3ed1154bd88c86c,996;0;112;225;338
tile:xla:inception_v3_batch_128_train_33a3e30a7447dc85,8392;7716;8602;2581;6292
tile:xla:inception_v3_batch_128_train_-52e7ebbac89642b3,0;61;59;62;60
tile:xla:bert_pretraining.4x4.fp16_-2d2ef95cc2437817,43;69;127;99;113
tile:xla:inception_v3_batch_128_train_68084c1e1e3dfb90,394;174;0;45;91
tile:xla:inception_v3_batch_128_train_70d2b213bc894f42,369;265;0;261;222
tile:xla:resnet_v1_50_official_batch_128_bf16_-638a3520e1533b98,3982;7226;6798;3986;3581
tile:xla:tf2_bert_pretrain_dynamic_batch_size_363f21ccc34713b8,854;852;955;1064;956
tile:xla:bert_pretraining.4x4.fp16_-1c6db741e059e66c,14;18;22;17;30
tile:xla:resnet_v1_50_official_batch_128_bf16_70ddde5823c80827,1470;1730;878;874;1481
tile:xla:mlperf_bert_batch_24_2x2_2fdfdd8fd3b8fe53,99;200;0;25;48
tile:xla:mlperf_bert_batch_24_2x2_-d7a87ffbadbad1a,17;130;184;55;74
tile:xla:resnet50.4x4.fp16_-6fe3392bddb4f745,468;1195;287;426;877
tile:xla:mlperf_bert_batch_24_2x2_-147b26f86f0dd6ed,76;52;25;84;7
tile:xla:mlperf_bert_batch_24_2x2_-72cfb1285f161b79,1329;851;849;1637;1262
tile:xla:tf2_bert_pretrain_dynamic_batch_size_317378e13c1e16c7,372;764;532;150;692
tile:xla:resnet_v1_50_official_batch_128_bf16_70d664675022fc7e,2485;812;2192;1069;1298
tile:xla:inception_v3_batch_128_train_-19d2e47cba3ee72d,2776;438;2975;2201;3658
tile:xla:resnet50.4x4.fp16_662c9fd7e161c046,346;342;160;335;0
tile:xla:inception_v3_batch_128_train_-40c63458659cf395,0;162;108;121;156
tile:xla:resnet50.4x4.fp16_-7f7a6a701b3c59c2,23;0;12;11;10
tile:xla:resnet_v1_50_official_batch_128_bf16_7c28d3a1fd7c5106,309;2042;2366;1675;1011
tile:xla:tf2_bert_pretrain_dynamic_batch_size_2efddc83f942f517,93;55;17;36;131
tile:xla:inception_v3_batch_128_train_-d4bd793aa84ef2d,17;13;15;14;0
tile:xla:bert_pretraining.4x4.fp16_7fa383735f84a0bb,42;38;18;13;46
tile:xla:inception_v3_batch_128_train_3fe4d672065c4e98,0;214;234;144;80
tile:xla:resnet50.4x4.fp16_488467c56f0fee35,623;3911;7958;4890;2646
tile:xla:inception_v3_batch_128_train_3577c6f6d38d79f6,0;53;106;143;35
tile:xla:resnet_v1_50_official_batch_128_bf16_34e7a0c5650bd75d,595;0;120;241;362
tile:xla:inception_v3_batch_128_train_-7d8234c60df398ba,52;0;46;48;32
tile:xla:mlperf_bert_batch_24_2x2_4583f55299875347,21;3;41;33;2
tile:xla:resnet_v1_50_official_batch_128_bf16_-7a4d67f4fa95172e,0;88;164;176;264
tile:xla:mlperf_bert_batch_24_2x2_-25e30862c042a2b8,60;49;0;8;16
tile:xla:tf2_bert_pretrain_dynamic_batch_size_-2e7e1849d90f6cbd,488;203;371;149;94
tile:xla:inception_v3_batch_128_train_-733c0a957cb8851,193;187;0;180;191
tile:xla:tf2_bert_pretrain_dynamic_batch_size_2c92f616911163c3,75;96;86;52;20
tile:xla:resnet50.4x4.fp16_-5523ebb73b7a206b,440;1411;1862;1996;869
tile:xla:tf2_bert_pretrain_dynamic_batch_size_-3ba735b7bb5ae86c,0;10;18;21;32
tile:xla:resnet_v1_50_official_batch_128_bf16_-5e6b0fb7b30284c,2934;1733;2922;1742;1395
tile:xla:resnet50.4x4.fp16_-628051f428f6005c,0;527;423;394;502
tile:xla:inception_v3_batch_128_train_-789e88fd071ca97f,694;211;273;99;738
tile:xla:resnet_v1_50_official_batch_128_bf16_-ac6c6507e8dde7,988;328;1648;654;2938
tile:xla:resnet50.4x4.fp16_2536c4eb5dc2ab7c,0;362;725;1088;1451
tile:xla:resnet_v1_50_official_batch_128_bf16_4f19b89ff555cb05,1820;991;2022;3530;956
tile:xla:bert_pretraining.4x4.fp16_-67d64e42f8a6e510,124;61;145;205;144
tile:xla:bert_pretraining.4x4.fp16_-2687e894772f7802,977;1139;486;160;972
tile:xla:inception_v3_batch_128_train_-7e0ee2384a891d62,0;4;5;3;2
tile:xla:inception_v3_batch_128_train_-1229d612662daac3,164;80;0;171;342
tile:xla:mlperf_bert_batch_24_2x2_21f9fb669a606486,353;285;345;348;576
tile:xla:inception_v3_batch_128_train_6dfdfd23bc71d97,500;491;391;665;574
tile:xla:inception_v3_batch_128_train_-4eed7ed4805f4c4,4;3;0;2;1
tile:xla:resnet50.4x4.fp16_-296aaaa134f2874,0;104;185;209;151
tile:xla:resnet_v1_50_official_batch_128_bf16_1fadf33763d78340,1093;2739;2638;1626;1031
tile:xla:resnet_v1_50_official_batch_128_bf16_-7901da1ae9148761,1023;3637;1912;6751;5267
tile:xla:resnet50.4x4.fp16_7dc18bb6cae5c0ca,56;864;782;274;601
tile:xla:inception_v3_batch_128_train_-11941d8e31c8f2e6,258;153;205;94;150
tile:xla:inception_v3_batch_128_train_-68ce1a6a7ab363dd,293;204;290;194;288
tile:xla:bert_pretraining.4x4.fp16_2e734f166c2b5710,760;252;167;164;0
tile:xla:mlperf_bert_batch_24_2x2_-26f4d408322cb95b,0;379;722;759;1139
tile:xla:bert_pretraining.4x4.fp16_-3928b8ef6ecbecfb,40;19;160;198;140
tile:xla:inception_v3_batch_128_train_-27f36daac6a59e44,7432;2754;2983;698;0
tile:xla:inception_v3_batch_128_train_-3da6a5469f4298da,304;0;113;210;226
tile:xla:mlperf_bert_batch_24_2x2_6478bed81c89430f,63;35;0;9;18
tile:xla:inception_v3_batch_128_train_20f0d3c795f61006,132;159;73;220;252
tile:xla:resnet50.4x4.fp16_32856bbd9b72d344,0;987;1972;2959;3946
tile:xla:resnet50.4x4.fp16_398722b7c97a05ff,799;352;461;514;235
tile:xla:resnet50.4x4.fp16_-4ac8aa5852d10729,312;550;413;839;1073
tile:xla:inception_v3_batch_128_train_-6009f81be2079a0d,244;0;245;230;171
tile:xla:resnet50.4x4.fp16_-70639c6d37f7d56c,485;0;235;471;703
tile:xla:mlperf_bert_batch_24_2x2_6c6e3ce7b90d9033,69;57;82;109;58
tile:xla:inception_v3_batch_128_train_281effce6156be2b,9;0;8;5;7
tile:xla:tf2_bert_pretrain_dynamic_batch_size_-20bdcb9bb2cbeff4,978;870;977;216;432
tile:xla:inception_v3_batch_128_train_-5f601e950043011c,206;410;309;43;395
tile:xla:mlperf_bert_batch_24_2x2_5359e164f5326676,1123;2823;5074;3656;2245
tile:xla:inception_v3_batch_128_train_75f898817023184d,314;376;667;522;358
tile:xla:bert_pretraining.4x4.fp16_-2b26f81544af7264,48;72;36;24;35
tile:xla:tf2_bert_pretrain_dynamic_batch_size_7e4be9699b0bb213,44;209;99;35;159
tile:xla:unet_3d.4x4.bf16_-18d13e5b20bf0cba,1624;3558;999;0;1000
tile:xla:inception_v3_batch_128_train_-7f137a172d53a9d1,1601;147;1651;164;630
tile:xla:resnet50.4x4.fp16_-17dfd6a3b3171fd1,5452;5138;7359;4233;3371
tile:xla:inception_v3_batch_128_train_fe1fca33a5554e,804;1004;1001;0;101
tile:xla:resnet_v1_50_official_batch_128_bf16_74639ccad8e64f0a,384;1927;764;1798;179
tile:xla:inception_v3_batch_128_train_-53b8d6c72dfa2df7,0;2;3;4;1
tile:xla:resnet50.4x4.fp16_28de76f1a1e7e97a,0;17;25;12;14
tile:xla:resnet_v1_50_official_batch_128_bf16_-51f44e03e1408f7d,1512;1699;2151;2105;168
tile:xla:inception_v3_batch_128_train_-4b036b903dde5811,43;41;39;0;38
tile:xla:tf2_bert_pretrain_dynamic_batch_size_675b27755cb7aa43,37;18;56;55;113
tile:xla:resnet_v1_50_official_batch_128_bf16_348cd19875885d99,621;2487;310;3045;1556
tile:xla:resnet50.4x4.fp16_521e9e5417aedcc4,0;995;1984;2979;3974
tile:xla:inception_v3_batch_128_train_6a80d36290c45424,4623;6024;5878;0;602
tile:xla:inception_v3_batch_128_train_-3de2f7a15bf1071b,29;0;33;31;26
tile:xla:inception_v3_batch_128_train_7277189ce046e35c,465;0;464;413;437
tile:xla:resnet_v1_50_official_batch_128_bf16_3b25b606dd29bf05,334;0;413;650;827
tile:xla:resnet50.4x4.fp16_-7d1bf437ab3cc27a,2304;2466;810;801;2413
tile:xla:inception_v3_batch_128_train_-5b9477f47ae48c55,452;0;407;440;411
tile:xla:inception_v3_batch_128_train_2e489e78a7fb8695,28;25;27;26;24
tile:xla:resnet50.4x4.fp16_2a998ba3d48e8720,392;266;1173;646;1379
tile:xla:inception_v3_batch_128_train_-1755c3a865c70d8f,0;34;30;37;24
tile:xla:inception_v3_batch_128_train_6829ee6654a0bae7,3380;843;0;552;1105
tile:xla:inception_v3_batch_128_train_-32622e96a3aada0b,0;25;22;23;24
tile:xla:inception_v3_batch_128_train_737c06e3b374f020,556;0;638;1072;1278
tile:xla:inception_v3_batch_128_train_-784667276e17f855,0;7;5;8;6
tile:xla:mlperf_bert_batch_24_2x2_64dc35b9fbc1e4f6,809;839;1980;660;927
tile:xla:inception_v3_batch_128_train_4c0e4fcdaa4fa7e6,1094;2733;0;273;546
tile:xla:inception_v3_batch_128_train_37fddf5f2c7d9932,1197;1207;93;436;669
tile:xla:mlperf_bert_batch_24_2x2_-332fff3b8a2fb3fc,74;122;84;47;0
tile:xla:inception_v3_batch_128_train_5bd7c368e93284ea,0;8;5;7;6
tile:xla:resnet_v1_50_official_batch_128_bf16_-7f7a6a701b3c59c2,92;22;58;0;11
tile:xla:inception_v3_batch_128_train_3df5108b33bc0504,49;46;44;0;43
tile:xla:inception_v3_batch_128_train_31b34c3a43021bc7,36;34;33;0;32
tile:xla:inception_v3_batch_128_train_202094bb0faf6bfc,1023;410;919;921;819
tile:xla:inception_v3_batch_128_train_5c78626e0928cd27,1041;1109;126;1525;1633
tile:xla:bert_pretraining.4x4.fp16_5258f1fb1315f778,502;581;162;160;414
tile:xla:inception_v3_batch_128_train_-2761e1f5fb7a859,639;367;300;436;308
tile:xla:resnet50.4x4.fp16_-33becffec0731a9,797;0;220;429;847
tile:xla:resnet_v1_50_official_batch_128_bf16_-6ddd06b06478d640,682;772;19;861;866
tile:xla:inception_v3_batch_128_train_16d41253a4203cf1,0;84;141;170;255
tile:xla:inception_v3_batch_128_train_-43a198e28181f1aa,1134;937;1790;399;303
tile:xla:tf2_bert_pretrain_dynamic_batch_size_4ee658b84988bab4,480;59;356;300;597
tile:xla:inception_v3_batch_128_train_255184d2c690f698,478;639;792;0;80
tile:xla:inception_v3_batch_128_train_-466603da2cd3a2c2,39;117;42;45;100
tile:xla:mlperf_bert_batch_24_2x2_-4608729c7de20618,785;532;381;378;373
tile:xla:resnet50.4x4.fp16_-2ac52ba912153e4c,2474;814;1711;2076;1502
tile:xla:resnet50.4x4.fp16_-47777803ba81fd14,1920;3321;559;2617;1877
tile:xla:resnet50.4x4.fp16_88b94c120f93739,355;420;370;867;592
tile:xla:tf2_bert_pretrain_dynamic_batch_size_-5d20f368a51a3b39,211;853;961;105;208
tile:xla:inception_v3_batch_128_train_-26872c5ece9afe38,211;206;196;209;193
tile:xla:inception_v3_batch_128_train_7d021a65d2ac7ea9,32;31;29;0;19
tile:xla:mlperf_bert_batch_24_2x2_67459d89ba2ac2d6,22;83;0;12;24
tile:xla:bert_pretraining.4x4.fp16_-3057736d78cc595d,114;66;130;47;32
tile:xla:resnet_v1_50_official_batch_128_bf16_1c31b63c7162132a,250;1153;283;1931;1929
tile:xla:unet_3d.4x4.bf16_-2f79a19fe4d4a3d2,726;930;2830;2956;1660
tile:xla:inception_v3_batch_128_train_46d385eb175b3f71,88;133;444;403;358
tile:xla:resnet50.4x4.fp16_127b95117436ec64,542;152;809;325;797
tile:xla:inception_v3_batch_128_train_-61f0253e0882afed,0;5;8;7;6
tile:xla:resnet50.4x4.fp16_-5f4ff45eb2f48f49,0;259;270;264;490
tile:xla:resnet50.4x4.fp16_c37987cf6579ab1,768;802;859;478;226
tile:xla:resnet50.4x4.fp16_-27ec518f844ceea2,2555;1326;2639;2488;1110
tile:xla:tf2_bert_pretrain_dynamic_batch_size_29da0b1da765f664,13;8;33;18;37
tile:xla:mlperf_bert_batch_24_2x2_b56ff59b3b2906e,789;783;212;431;1001
tile:xla:resnet50.4x4.fp16_1979bcb18c1c083c,0;9;10;8;7
tile:xla:mlperf_bert_batch_24_2x2_-7a8f379b3ead7c85,25;50;0;8;15
tile:xla:resnet50.4x4.fp16_-50148942a3968659,0;141;283;425;567
tile:xla:bert_pretraining.4x4.fp16_-18321ad156c55c0b,423;82;846;421;252
tile:xla:inception_v3_batch_128_train_7c6b0bc9e1e4bd5b,20;19;0;18;17
tile:xla:resnet_v1_50_official_batch_128_bf16_-3efaae83c640e5d7,482;477;850;641;408
tile:xla:mlperf_bert_batch_24_2x2_457273483ca5f930,227;226;112;225;229
tile:xla:resnet50.4x4.fp16_-19c777dd93a59d95,1286;1373;1978;844;1367
tile:xla:mlperf_bert_batch_24_2x2_5b1eaf5e0224f661,69;0;23;47;71
tile:xla:tf2_bert_pretrain_dynamic_batch_size_-2ab091fb8d7f07d7,777;0;97;195;293
tile:xla:inception_v3_batch_128_train_1922dba2b0b321ab,0;8;6;2;5
tile:xla:inception_v3_batch_128_train_723c1573f4ba0a3c,0;9;4;7;6
tile:xla:mlperf_bert_batch_24_2x2_-3aa861d713dd9efd,439;112;497;438;244
tile:xla:inception_v3_batch_128_train_3a870e8b49ff7b60,0;450;432;429;448
tile:xla:inception_v3_batch_128_train_a76964c3e3f6b51,565;909;0;115;231
tile:xla:inception_v3_batch_128_train_56ffd5d027789b3c,195;140;164;193;122
tile:xla:inception_v3_batch_128_train_-6cc24284c3943008,20;19;18;0;17
tile:xla:inception_v3_batch_128_train_-4ae11232679327bc,0;15;13;14;11
tile:xla:resnet_v1_50_official_batch_128_bf16_-2552287c0c4a715,5740;3833;829;838;3509
tile:xla:inception_v3_batch_128_train_-45e84373dc71f0a,0;170;368;736;125
tile:xla:resnet50.4x4.fp16_-460513c97ebfaf85,1299;0;341;683;833
tile:xla:resnet_v1_50_official_batch_128_bf16_-2af4d7191f4074b6,1347;3434;3547;625;2101
tile:xla:inception_v3_batch_128_train_-384a671b5d1dbc32,0;62;125;188;251
tile:xla:inception_v3_batch_128_train_4e8b59bb25b1bf3f,33;30;0;32;27
tile:xla:resnet_v1_50_official_batch_128_bf16_7f2043cee13a172d,912;686;0;114;229
tile:xla:mlperf_bert_batch_24_2x2_-4a65844555696d8d,54;25;45;6;15
tile:xla:tf2_bert_pretrain_dynamic_batch_size_-5ed510296c2c7f65,1375;1374;151;1205;302
tile:xla:inception_v3_batch_128_train_-7d07e5eaee0a193b,47;515;361;413;412
tile:xla:inception_v3_batch_128_train_3339b14af005cf17,44;42;35;0;20
tile:xla:tf2_bert_pretrain_dynamic_batch_size_-1e07a75697a5f941,75;53;30;105;31
tile:xla:resnet_v1_50_official_batch_128_bf16_2f793f87d3c0200d,98;1091;598;780;1271
tile:xla:inception_v3_batch_128_train_281e2088649bd771,29;30;23;27;22
tile:xla:bert_pretraining.4x4.fp16_4e7652f75ff95c52,38;133;17;0;19
tile:xla:inception_v3_batch_128_train_61e11e652d0950b9,25;0;16;14;15
tile:xla:mlperf_bert_batch_24_2x2_-3ca4790f5ee2cdc9,2136;2115;2094;5161;894
tile:xla:inception_v3_batch_128_train_-2db806dc7a0737ef,0;147;239;233;226
tile:xla:mlperf_bert_batch_24_2x2_-5358ad2538821eb7,414;538;536;593;417
tile:xla:inception_v3_batch_128_train_-412e76a2100dbdd0,156;80;0;171;342
tile:xla:inception_v3_batch_128_train_-67d1d3c08ff3d702,4797;5048;6814;2566;0
tile:xla:tf2_bert_pretrain_dynamic_batch_size_-1fafb2b99650913,0;15;40;81;122
tile:xla:resnet50.4x4.fp16_20a67f37e306ddc6,5224;760;5212;3813;3449
tile:xla:inception_v3_batch_128_train_426e203f19335d17,0;8;6;7;4
tile:xla:mlperf_bert_batch_24_2x2_-4f518235b8ff21a3,122;109;4;95;96
tile:xla:resnet50.4x4.fp16_6db5a630b16ad605,166;165;167;0;185
tile:xla:inception_v3_batch_128_train_6f786aae820b50e6,0;77;150;154;153
tile:xla:inception_v3_batch_128_train_-78cead0034edb750,0;385;771;1157;1543
tile:xla:resnet_v1_50_official_batch_128_bf16_5a7135fa5ff62dbc,1349;1906;1412;492;1417
tile:xla:resnet_v1_50_official_batch_128_bf16_-143b28db3bd425ae,1040;1387;1734;859;1039
tile:xla:tf2_bert_pretrain_dynamic_batch_size_76d4e9478127c0be,50;357;408;255;304
tile:xla:bert_pretraining.4x4.fp16_183d41d29e91b036,0;1;3;7;11
tile:xla:mlperf_bert_batch_24_2x2_-329de17aadf6f8ac,61;77;156;94;11
tile:xla:resnet_v1_50_official_batch_128_bf16_57aa47e40cfadd66,703;1004;1210;121;109
tile:xla:tf2_bert_pretrain_dynamic_batch_size_ca8a089e06ae04,46;93;22;185;41
tile:xla:inception_v3_batch_128_train_-42621369eeb4c9c4,161;0;56;110;160
tile:xla:resnet_v1_50_official_batch_128_bf16_73ca97fee5618d60,1079;407;321;859;426
tile:xla:tf2_bert_pretrain_dynamic_batch_size_171e1d9131764311,64;77;89;90;0
tile:xla:mlperf_bert_batch_24_2x2_-48da92f4e89d380c,0;208;298;417;626
tile:xla:inception_v3_batch_128_train_4f980a4d996262d6,10;0;8;7;5
tile:xla:resnet50.4x4.fp16_-94949b1e43f1644,2053;2719;584;254;0
tile:xla:tf2_bert_pretrain_dynamic_batch_size_-51f5a40ac06e51cc,477;88;371;186;42
tile:xla:mlperf_bert_batch_24_2x2_1fce505af3c7b580,35;107;83;0;12
tile:xla:inception_v3_batch_128_train_-70e3f2384c58a6c5,151;0;55;111;141
tile:xla:inception_v3_batch_128_train_1855b3d397c14bd1,0;143;124;154;138
tile:xla:resnet50.4x4.fp16_-31548e868937742a,3518;1105;1081;287;0
tile:xla:bert_pretraining.4x4.fp16_445ebafb90750ee3,79;100;0;19;39
tile:xla:resnet50.4x4.fp16_-2c47cf205a2135df,1846;471;1155;483;301
tile:xla:inception_v3_batch_128_train_-28ee9a1227a57e68,1037;615;614;991;546
tile:xla:inception_v3_batch_128_train_-16c4da50610b05f7,362;144;646;209;68
tile:xla:bert_pretraining.4x4.fp16_69e37cd55c7885d6,163;81;103;17;79
tile:xla:tf2_bert_pretrain_dynamic_batch_size_-44fdfa3363091d3a,130;54;0;18;37
tile:xla:resnet_v1_50_official_batch_128_bf16_3c04466f803abb29,3235;3712;3188;3698;1799
tile:xla:resnet50.4x4.fp16_-26da96ad06ef9bf,2678;290;454;2345;0
tile:xla:inception_v3_batch_128_train_e00c619cfd06544,0;3;4;5;2
tile:xla:mlperf_bert_batch_24_2x2_1979152c50135d21,339;1749;694;0;355
tile:xla:bert_pretraining.4x4.fp16_12715b8846fb1038,49;17;42;4;18
tile:xla:resnet_v1_50_official_batch_128_bf16_33aacd378e7f46cf,1214;1065;752;1060;449
tile:xla:mlperf_bert_batch_24_2x2_-7d5bb40d3a8478d,0;322;645;967;1289
tile:xla:mlperf_bert_batch_24_2x2_3243ce69eeb30e25,0;248;491;498;749
tile:xla:bert_pretraining.4x4.fp16_-2e2865a7de47f9fd,423;82;846;421;252
tile:xla:inception_v3_batch_128_train_121cd929204c6740,320;305;75;204;638
tile:xla:resnet50.4x4.fp16_17d45e1f100dad57,532;1065;891;359;714
tile:xla:bert_pretraining.4x4.fp16_-52ecb13f91bbfee5,23;0;3;6;9
tile:xla:inception_v3_batch_128_train_-65ca3c83362817db,44;45;0;40;34
tile:xla:inception_v3_batch_128_train_-6ad992da2793d6ed,213;724;1053;475;1172
tile:xla:resnet_v1_50_official_batch_128_bf16_7f59e83cc5f3e787,2548;3050;1934;3890;0
tile:xla:resnet50.4x4.fp16_-4835518d0315232e,793;1697;420;164;341
tile:xla:resnet_v1_50_official_batch_128_bf16_5125b93287b8430a,546;273;642;828;730
tile:xla:resnet50.4x4.fp16_322867dd73f79fd9,929;922;390;199;221
tile:xla:tf2_bert_pretrain_dynamic_batch_size_17a8e902f69e433f,53;14;111;129;71
tile:xla:tf2_bert_pretrain_dynamic_batch_size_14d51737eb95096d,45;181;70;93;204
tile:xla:resnet_v1_50_official_batch_128_bf16_-56670efcbaa402de,124;0;41;80;83
tile:xla:inception_v3_batch_128_train_406063440cfeec21,2372;3643;3118;2966;5171
tile:xla:resnet50.4x4.fp16_-5200eb1daa4e698c,292;377;855;353;286
tile:xla:resnet_v1_50_official_batch_128_bf16_4a4221a09ae0ee02,6977;4991;9543;765;3970
tile:xla:resnet50.4x4.fp16_-ca0116fdf1cca56,576;1155;1553;1406;2284
tile:xla:resnet50.4x4.fp16_-4db27ee2e941c34c,43;263;69;213;53
tile:xla:inception_v3_batch_128_train_-7461d5ca6c732b29,0;121;80;112;134
tile:xla:tf2_bert_pretrain_dynamic_batch_size_6437fdf1764e85bc,108;170;149;150;130
tile:xla:bert_pretraining.4x4.fp16_-760506af4da30059,4;49;51;19;12
tile:xla:bert_pretraining.4x4.fp16_12ab6b03dbb07de7,1328;1332;665;165;1153
tile:xla:resnet50.4x4.fp16_66f3c2e365acf784,771;513;1549;1540;795
tile:xla:resnet50.4x4.fp16_5b53c7c67bbd54e0,0;17;15;21;16
tile:xla:resnet50.4x4.fp16_67ac76cb04dd8335,427;1995;1372;391;1340
tile:xla:tf2_bert_pretrain_dynamic_batch_size_-3e30946e9f3e7381,18;170;37;151;132
tile:xla:resnet50.4x4.fp16_36abc6c7b09b66fd,0;6;5;10;11
tile:xla:inception_v3_batch_128_train_500a9be1333a2d62,0;96;95;89;116
tile:xla:mlperf_bert_batch_24_2x2_74fab9f539a4215b,137;136;727;1433;81
tile:xla:inception_v3_batch_128_train_-44c7e2995e19acf0,0;12;11;5;10
tile:xla:bert_pretraining.4x4.fp16_-77c635139195baa3,80;101;38;36;35
tile:xla:inception_v3_batch_128_train_2922adcf6eafa0d2,0;25;22;24;23
tile:xla:bert_pretraining.4x4.fp16_56f420e7acc1c4,22;94;232;233;186
tile:xla:resnet_v1_50_official_batch_128_bf16_25a3dfbede580b91,105;159;106;51;34
tile:xla:tf2_bert_pretrain_dynamic_batch_size_-792d1315cf5c0a52,0;104;207;208;312
tile:xla:resnet_v1_50_official_batch_128_bf16_2805f7964c67dd7f,9685;8991;2994;2710;1553
tile:xla:resnet50.4x4.fp16_7ff6389db2e8eb71,330;0;181;149;324
tile:xla:inception_v3_batch_128_train_24c44f7d608dc03d,350;879;526;0;88
tile:xla:inception_v3_batch_128_train_-32fc397fd1d53ecd,0;244;233;148;242
tile:xla:resnet50.4x4.fp16_-ab4e7aa63baaa3f,360;866;177;904;684
tile:xla:inception_v3_batch_128_train_-52eb1b446c037fa2,0;28;29;30;31
tile:xla:resnet50.4x4.fp16_289ff3d51ea83cd0,244;122;0;131;262
tile:xla:bert_pretraining.4x4.fp16_-5ad130fdb2eb43b3,211;28;91;60;152
tile:xla:bert_pretraining.4x4.fp16_5f28f8abc4b48a62,154;0;26;51;52
tile:xla:resnet50.4x4.fp16_-7f5e1e1f5ebf73c9,3220;624;0;430;863
tile:xla:resnet50.4x4.fp16_-22fa82664b280cbe,178;713;431;922;162
tile:xla:mlperf_bert_batch_24_2x2_54c685adb60e883,542;201;135;679;64
tile:xla:inception_v3_batch_128_train_-1c9e920f04f8cf87,0;22;24;14;15
tile:xla:resnet_v1_50_official_batch_128_bf16_7ffe575546b9db75,5162;3079;6171;7123;8605
tile:xla:inception_v3_batch_128_train_60e25260b5e95dee,3530;4499;1777;3537;2120
tile:xla:inception_v3_batch_128_train_5b26afb5b1ed0e3b,39;64;82;32;57
tile:xla:inception_v3_batch_128_train_-7f4b343057929585,0;97;103;101;81
tile:xla:inception_v3_batch_128_train_-f8635c51077b61f,0;10;9;7;8
tile:xla:tf2_bert_pretrain_dynamic_batch_size_-ed90cca9d9b8466,152;0;76;153;230
tile:xla:inception_v3_batch_128_train_171f4371caf28639,642;0;385;715;771
tile:xla:inception_v3_batch_128_train_595bb647001c63f4,0;263;262;251;261
tile:xla:inception_v3_batch_128_train_5608c687d9b82722,16;15;0;14;10
tile:xla:inception_v3_batch_128_train_-226b67a1c20ac651,0;194;192;170;166
tile:xla:bert_pretraining.4x4.fp16_-4fe2235cfed02769,760;252;167;161;0
tile:xla:resnet50.4x4.fp16_-25b64e997ec22d6b,79;35;80;39;36
tile:xla:inception_v3_batch_128_train_3763dbfe38fb067b,0;8;7;5;2
tile:xla:bert_pretraining.4x4.fp16_249a7ea9296bcaac,255;1030;513;901;900
tile:xla:inception_v3_batch_128_train_228e27d0b137725e,5514;3972;7065;5389;3762
tile:xla:inception_v3_batch_128_train_-477a39e61d08890f,27;28;29;25;30
tile:xla:inception_v3_batch_128_train_43b13928f504c223,133;154;156;146;152
tile:xla:mlperf_bert_batch_24_2x2_1cb9475b0cfc7341,2735;1792;2148;2862;1238
tile:xla:inception_v3_batch_128_train_-381fee1234761f04,0;9;7;10;8
tile:xla:inception_v3_batch_128_train_-4b7f74d60c32d30f,0;16;14;15;6
tile:xla:resnet50.4x4.fp16_-1481da01546b909a,88;1027;93;1285;648
tile:xla:resnet50.4x4.fp16_-672958d1279c0e78,702;3448;3877;3091;5349
tile:xla:resnet50.4x4.fp16_-6f158342a4496a5b,1705;1254;1690;852;691
tile:xla:inception_v3_batch_128_train_-78fc404bfc2e25fc,1862;3481;0;388;752
tile:xla:inception_v3_batch_128_train_-4415e523f41dd990,0;9;8;4;6
tile:xla:resnet_v1_50_official_batch_128_bf16_-cd6500b515baf56,209;40;92;263;335
tile:xla:inception_v3_batch_128_train_-267bb5240dc1da7a,249;108;205;81;240
tile:xla:resnet_v1_50_official_batch_128_bf16_6b84b2106fce802b,1922;7945;5946;2976;6917
tile:xla:tf2_bert_pretrain_dynamic_batch_size_6cf1cfa7ba1ef3c8,0;95;190;191;287
tile:xla:inception_v3_batch_128_train_-72c09439aa6d10aa,0;52;97;144;193
tile:xla:bert_pretraining.4x4.fp16_-1972c148bcabec74,235;377;44;186;375
tile:xla:resnet_v1_50_official_batch_128_bf16_48306b6ee9c6d0a9,1166;0;196;393;590
tile:xla:inception_v3_batch_128_train_-349e417a5109d3b1,0;16;15;13;14
tile:xla:inception_v3_batch_128_train_-1f54133572dcffea,0;8;6;3;5
tile:xla:resnet50.4x4.fp16_-6fa7465e1c11fc45,2475;1885;1487;1465;1420
tile:xla:inception_v3_batch_128_train_a27d2ef7cf1c2ac,0;168;215;240;354
tile:xla:inception_v3_batch_128_train_-33387ec5662a8673,10;0;9;8;7
tile:xla:inception_v3_batch_128_train_3b49caa56d77ff55,37;36;0;34;32
tile:xla:bert_pretraining.4x4.fp16_2c0d1aab8a3d822,16;28;27;4;3
tile:xla:resnet50.4x4.fp16_-39990e7d725e280e,998;814;579;0;999
tile:xla:inception_v3_batch_128_train_53bc76fe7538490b,1897;3795;2520;0;632
tile:xla:mlperf_bert_batch_24_2x2_-7e98bedd3f637990,105;752;94;627;178
tile:xla:bert_pretraining.4x4.fp16_-34a5979f3fc5e04d,83;839;334;335;585
tile:xla:inception_v3_batch_128_train_-775c0ba561175fe7,30;0;29;26;25
tile:xla:resnet_v1_50_official_batch_128_bf16_2760848cadcbc4c4,408;836;278;410;397
tile:xla:inception_v3_batch_128_train_-3e90f58db87bc2bc,0;7;4;9;6
tile:xla:inception_v3_batch_128_train_439a5d1d23cf0ae8,3241;2843;1435;1138;215
tile:xla:mlperf_bert_batch_24_2x2_-49eee36bedc76304,49;234;524;275;340
tile:xla:inception_v3_batch_128_train_-2a9ce27599cead0c,283;295;51;169;656
tile:xla:bert_pretraining.4x4.fp16_6c9ce9ced927fa83,187;210;141;117;0
tile:xla:inception_v3_batch_128_train_-78ae790b9bf86b10,198;332;0;67;135
tile:xla:resnet50.4x4.fp16_4269db5d8b8596b9,0;999;931;543;477
tile:xla:inception_v3_batch_128_train_3d7af95a34149761,0;330;522;661;992
tile:xla:inception_v3_batch_128_train_-218d0d094c4769f0,50;32;49;31;158
tile:xla:unet_3d.4x4.bf16_2c26a09dea860431,2984;0;1000;2000;3000
tile:xla:bert_pretraining.4x4.fp16_-7965883313d1a195,34;103;5;0;6
tile:xla:mlperf_bert_batch_24_2x2_-470d20bf89df782d,2892;2179;1376;2905;2874
tile:xla:resnet50.4x4.fp16_-4c652332130253af,2986;695;6985;5612;3967
tile:xla:mlperf_bert_batch_24_2x2_f86828b5f8ae816,875;866;1923;1486;653
tile:xla:inception_v3_batch_128_train_-1098e0f697435732,308;304;153;459;0
tile:xla:bert_pretraining.4x4.fp16_-5e681d1d184200f4,826;489;157;326;322
tile:xla:resnet50.4x4.fp16_2a8b2451e39bed15,796;737;194;1365;385
tile:xla:mlperf_bert_batch_24_2x2_321582e503956bf0,454;408;43;89;179
tile:xla:resnet_v1_50_official_batch_128_bf16_-3c7a6c843539b006,692;776;14;901;893
tile:xla:bert_pretraining.4x4.fp16_-360b1bc951c33786,13;8;0;4;9
tile:xla:unet_3d.4x4.bf16_-32e6d2ab63637dd7,166;158;315;220;160
tile:xla:resnet50.4x4.fp16_1246107735b50a69,217;1458;1669;0;244
tile:xla:resnet_v1_50_official_batch_128_bf16_-ccbe1cf11bb9c44,0;16;33;50;67
tile:xla:resnet50.4x4.fp16_704d2d9411011aad,136;123;128;209;246
tile:xla:resnet_v1_50_official_batch_128_bf16_7b0a4f0cd92eec1e,648;2272;1863;2265;2867
tile:xla:inception_v3_batch_128_train_31dc0d649eff8ffe,235;130;439;459;279
tile:xla:inception_v3_batch_128_train_-397596ef86081274,417;0;436;122;306
tile:xla:inception_v3_batch_128_train_b964bb8b03d3217,520;130;689;379;618
tile:xla:bert_pretraining.4x4.fp16_-2b79ab85842ee518,31;116;117;149;0
tile:xla:inception_v3_batch_128_train_34fe89f0310ba5a5,0;176;126;173;180
tile:xla:inception_v3_batch_128_train_55e3095f05f5cf90,42;49;0;41;46
tile:xla:bert_pretraining.4x4.fp16_7486e8ce089e8f8c,61;103;145;185;144
tile:xla:inception_v3_batch_128_train_42ee47112c512e8c,0;158;156;52;133
tile:xla:inception_v3_batch_128_train_-5a146c826dd27946,878;526;525;0;88
tile:xla:inception_v3_batch_128_train_214d2ae3e5aceafb,1173;5252;0;633;1267
tile:xla:inception_v3_batch_128_train_-6a17640d67cec99c,0;4;3;5;2
tile:xla:tf2_bert_pretrain_dynamic_batch_size_7133cced6d6c1615,0;2;5;8;11
tile:xla:bert_pretraining.4x4.fp16_704aac9e932a033c,158;164;1127;964;992
tile:xla:mlperf_bert_batch_24_2x2_-562108cd859db4c4,455;284;173;291;159
tile:xla:resnet_v1_50_official_batch_128_bf16_-588a93f6ebc15a9a,997;996;2995;504;970
tile:xla:inception_v3_batch_128_train_-78b6175934510050,30;0;29;28;26
tile:xla:resnet50.4x4.fp16_7905a87613c8597f,0;997;1997;2995;3995
tile:xla:inception_v3_batch_128_train_5be1ec6cbfebef60,0;9;7;8;5
tile:xla:inception_v3_batch_128_train_-4f9bfaac07851561,2558;6314;3502;1738;1795
tile:xla:tf2_bert_pretrain_dynamic_batch_size_74ada888cf0d2139,0;2;5;8;11
tile:xla:inception_v3_batch_128_train_45e2dbeaa5c1d894,0;112;225;338;451
tile:xla:resnet_v1_50_official_batch_128_bf16_-5d4687dc22a22824,1840;3677;3672;4131;2188
tile:xla:inception_v3_batch_128_train_393c22191cfe7da9,115;223;202;215;182
tile:xla:mlperf_bert_batch_24_2x2_499c6e8b888ba45b,52;51;122;155;50
tile:xla:bert_pretraining.4x4.fp16_3d8d72ac9e041965,5;4;53;49;52
tile:xla:inception_v3_batch_128_train_-6e26c9ee000bb7aa,348;881;529;0;88
tile:xla:inception_v3_batch_128_train_-92c7a413e3dc6d6,0;379;305;456;464
tile:xla:inception_v3_batch_128_train_-1d9113214d4c79e,2917;1724;0;486;973
tile:xla:resnet_v1_50_official_batch_128_bf16_62ae48fcfe6e4027,1478;6405;1609;8168;3131
tile:xla:resnet50.4x4.fp16_-560d3e3a3f06edd,5447;4899;577;3315;1213
tile:xla:bert_pretraining.4x4.fp16_-5c183441068c1be0,145;205;165;19;61
tile:xla:inception_v3_batch_128_train_4f3924c89690d910,34;37;35;0;41
tile:xla:resnet_v1_50_official_batch_128_bf16_-3b84302f88acfc8,83;82;66;49;65
tile:xla:resnet_v1_50_official_batch_128_bf16_-69ddf134b10f34e1,453;566;451;791;334
tile:xla:resnet50.4x4.fp16_28bf9f5995ae3aa1,0;136;140;278;139
tile:xla:mlperf_bert_batch_24_2x2_-50892adcd89bfb4a,46;230;207;0;23
tile:xla:resnet_v1_50_official_batch_128_bf16_1a22dd1fe3d0066c,351;598;1202;1198;962
tile:xla:tf2_bert_pretrain_dynamic_batch_size_-cec451180aa084e,11;24;10;63;75
tile:xla:inception_v3_batch_128_train_-22451903f3ba5e36,218;0;210;236;230
tile:xla:resnet50.4x4.fp16_-6d3d181c959c44b9,3889;1408;948;736;3722
tile:xla:inception_v3_batch_128_train_-23e94c034a65a177,193;194;0;183;182
tile:xla:inception_v3_batch_128_train_-18da29dab786262f,0;317;635;953;1271
tile:xla:inception_v3_batch_128_train_6f797c7e51bce3b5,0;317;635;953;1271
tile:xla:inception_v3_batch_128_train_27963c95e594eff1,0;73;80;77;72
tile:xla:mlperf_bert_batch_24_2x2_77dd05081bb821c8,406;253;607;259;898
tile:xla:inception_v3_batch_128_train_5f0daead12d91b7,12;30;83;175;143
tile:xla:resnet_v1_50_official_batch_128_bf16_-231b9a1ddae09d6f,6673;9364;9085;1492;5845
tile:xla:inception_v3_batch_128_train_5f250f7a69125596,35;0;33;36;31
tile:xla:resnet50.4x4.fp16_697a57362f24ea3c,461;927;913;264;466
tile:xla:resnet50.4x4.fp16_1ab43ed9a448889f,0;8;7;12;15
tile:xla:inception_v3_batch_128_train_34ad6c80cdca41ad,59;55;57;53;58
tile:xla:inception_v3_batch_128_train_3ad147249b0e72d6,449;182;277;0;50
tile:xla:inception_v3_batch_128_train_223279aa928f9a03,0;117;129;132;94
tile:xla:inception_v3_batch_128_train_-560657b1a7cf0202,0;9;7;6;8
tile:xla:resnet50.4x4.fp16_6e5516b13c27d600,1315;2219;155;1874;1661
tile:xla:inception_v3_batch_128_train_42ee7174edd3c102,202;0;341;308;269
tile:xla:resnet_v1_50_official_batch_128_bf16_-25b64e997ec22d6b,120;288;122;246;121
tile:xla:resnet_v1_50_official_batch_128_bf16_-1a2e1ada7d08e481,569;1365;1250;455;391
tile:xla:inception_v3_batch_128_train_7b175f609cdd126,657;659;41;0;68
tile:xla:inception_v3_batch_128_train_59b691e48a6bc50d,0;48;98;99;146
tile:xla:mlperf_bert_batch_24_2x2_92bc8bb19c9086f,1203;1082;259;633;796
tile:xla:inception_v3_batch_128_train_-1303b4b4cff88b6d,1082;835;807;1234;285
tile:xla:resnet_v1_50_official_batch_128_bf16_-7a9122362ff76835,944;315;301;948;2214
tile:xla:inception_v3_batch_128_train_-3bad41e4ca261028,0;383;767;1151;1535
tile:xla:tf2_bert_pretrain_dynamic_batch_size_-4f285fe47b834736,102;75;89;115;0
tile:xla:mlperf_bert_batch_24_2x2_-375d66f981540bb9,17;130;184;55;74
tile:xla:inception_v3_batch_128_train_7a07de93311430ba,0;68;83;167;251
tile:xla:mlperf_bert_batch_24_2x2_5bef0a7866018b3a,592;178;286;231;587
tile:xla:inception_v3_batch_128_train_-5dfa2f510cdc4234,263;261;260;259;315
tile:xla:resnet50.4x4.fp16_369c960e7ace3085,249;1215;1051;0;152
tile:xla:resnet50.4x4.fp16_-2ee97510df92f35e,67;31;32;33;30
tile:xla:resnet50.4x4.fp16_-199d50caed718086,0;6;7;5;4
tile:xla:inception_v3_batch_128_train_-57c634e74627990d,0;10;9;8;6
tile:xla:inception_v3_batch_128_train_-375402075453b0d6,0;25;22;23;14
tile:xla:resnet_v1_50_official_batch_128_bf16_-5ebdbc12edbc3fb4,42;51;72;0;10
tile:xla:inception_v3_batch_128_train_-4a28ab804997d85a,844;467;213;831;992
tile:xla:inception_v3_batch_128_train_154c29a560f2f29d,6665;912;3682;1314;336
tile:xla:mlperf_bert_batch_24_2x2_4b32a718524c4f48,0;379;755;759;1139
tile:xla:inception_v3_batch_128_train_-640a7aed27f56a8e,0;16;17;13;14
tile:xla:mlperf_bert_batch_24_2x2_7398d52e9ecb3b6b,241;496;110;622;625
tile:xla:resnet_v1_50_official_batch_128_bf16_28de76f1a1e7e97a,114;147;0;16;33
tile:xla:resnet_v1_50_official_batch_128_bf16_57e4b1f82bdc8273,2552;6332;6077;2291;890
tile:xla:tf2_bert_pretrain_dynamic_batch_size_-94527e11dc72399,0;3;6;9;12
tile:xla:resnet_v1_50_official_batch_128_bf16_50cdb9ca6e665e2d,247;1141;283;1894;1901
tile:xla:resnet_v1_50_official_batch_128_bf16_224a1d375d1ce9ed,0;183;367;551;735
tile:xla:inception_v3_batch_128_train_cec9933d5e809c7,4763;2586;4981;6993;8941
tile:xla:bert_pretraining.4x4.fp16_-530c85921dc07d4,83;839;333;335;585
tile:xla:inception_v3_batch_128_train_4a367180bf348e,0;8;16;22;6
tile:xla:inception_v3_batch_128_train_2ed68dd0f70c6db8,0;8;6;7;5
tile:xla:inception_v3_batch_128_train_7b5dad4a9ebbb42e,191;0;186;190;168
tile:xla:inception_v3_batch_128_train_-3edb66ab54d14f1d,0;50;100;153;205
tile:xla:tf2_bert_pretrain_dynamic_batch_size_1bbc0ddcbcb064ae,0;18;37;56;75
tile:xla:resnet50.4x4.fp16_11cc85949afb30da,503;376;498;505;461
tile:xla:inception_v3_batch_128_train_-3b16250eae08268c,31;30;0;27;29
tile:xla:inception_v3_batch_128_train_5b4879fecf314171,70;69;0;64;66
tile:xla:tf2_bert_pretrain_dynamic_batch_size_-2217af8f124dbdb1,169;74;55;112;93
tile:xla:resnet_v1_50_official_batch_128_bf16_29dc0cbe2764af7a,1481;1777;885;888;1460
tile:xla:bert_pretraining.4x4.fp16_-70b28a989cae5d16,107;145;182;72;253
tile:xla:resnet50.4x4.fp16_5e4f345a0197c30c,477;501;249;250;242
tile:xla:resnet50.4x4.fp16_-5ebdbc12edbc3fb4,10;19;0;11;9
tile:xla:inception_v3_batch_128_train_2d49034542288fff,0;9;11;7;5
tile:xla:tf2_bert_pretrain_dynamic_batch_size_6ed40f8b9d970c45,61;41;0;6;7
tile:xla:tf2_bert_pretrain_dynamic_batch_size_615a98d2ad2aef71,64;77;90;89;0
tile:xla:resnet_v1_50_official_batch_128_bf16_-70f9bd1f0cab6d56,1222;1574;657;818;495
tile:xla:resnet50.4x4.fp16_434263caa074c5e1,66;33;0;34;67
tile:xla:bert_pretraining.4x4.fp16_3ce76848de23b5f,90;54;53;143;72
tile:xla:resnet_v1_50_official_batch_128_bf16_-174e34b4e6e0691c,1699;1698;155;677;169
tile:xla:unet_3d.4x4.bf16_-21e75615e98a9f7b,5563;6025;3803;3541;63
tile:xla:tf2_bert_pretrain_dynamic_batch_size_218b5a9120a4d207,208;844;0;105;211
tile:xla:resnet_v1_50_official_batch_128_bf16_a30d74f0473dc9e,269;285;1009;139;1302
tile:xla:tf2_bert_pretrain_dynamic_batch_size_4235885105a43ec2,35;55;74;53;54
tile:xla:inception_v3_batch_128_train_7183500eb4a61853,5;4;0;3;2
tile:xla:inception_v3_batch_128_train_798be6b7f64f1dbc,124;198;55;127;60
tile:xla:tf2_bert_pretrain_dynamic_batch_size_6a78964961a92e4e,32;163;0;16;33
tile:xla:tf2_bert_pretrain_dynamic_batch_size_257ca1e9fad024c0,0;104;205;208;312
tile:xla:inception_v3_batch_128_train_-5406cbd274546cca,0;9;8;4;6
tile:xla:resnet_v1_50_official_batch_128_bf16_40dce780bbcbe44c,4979;9982;3890;9568;6599
tile:xla:unet_3d.4x4.bf16_ffc12c104f9925,0;379;992;266;921
tile:xla:inception_v3_batch_128_train_10221d71a28841c,49;47;44;0;43
tile:xla:inception_v3_batch_128_train_f18e83cd9e9eddb,0;22;30;28;23
tile:xla:resnet50.4x4.fp16_668ef879a446e288,835;827;177;538;833
tile:xla:tf2_bert_pretrain_dynamic_batch_size_-4b19c044fdba962f,70;17;107;16;0
tile:xla:inception_v3_batch_128_train_-717ec25155119027,0;383;767;1151;1535
tile:xla:resnet50.4x4.fp16_22b1cad5b1c6b581,114;4892;7603;5086;7841
tile:xla:inception_v3_batch_128_train_-679eb613bc72268c,108;0;56;109;166
tile:xla:mlperf_bert_batch_24_2x2_-6b15cb667cd067d8,2235;0;279;559;839
tile:xla:mlperf_bert_batch_24_2x2_13b4b0175f44c04,123;510;574;445;443
tile:xla:inception_v3_batch_128_train_7cef1ab1c9ac3077,4;0;2;3;1
tile:xla:tf2_bert_pretrain_dynamic_batch_size_-3750f9e7f41ddbbf,490;335;329;379;295
tile:xla:inception_v3_batch_128_train_253f0638cd2ef3fb,2802;2715;940;773;2066
tile:xla:bert_pretraining.4x4.fp16_-84a4e8815a59f49,0;3;2;1;0
tile:xla:inception_v3_batch_128_train_12cd60e09978a9ed,23;0;22;21;19
tile:xla:resnet_v1_50_official_batch_128_bf16_66b19176ce572b27,364;834;1605;2236;843
tile:xla:inception_v3_batch_128_train_-58d0b606c13f1802,198;208;217;224;220
tile:xla:resnet_v1_50_official_batch_128_bf16_-204a30f223406ee8,619;2450;970;3199;707
tile:xla:mlperf_bert_batch_24_2x2_70d7b0d0e58e1b17,259;389;123;325;324
tile:xla:inception_v3_batch_128_train_448f44825e327a65,1124;1282;1460;1299;432
tile:xla:resnet_v1_50_official_batch_128_bf16_6707df6795124429,691;379;612;613;455
tile:xla:inception_v3_batch_128_train_-2778c585ba4ebe8d,0;8;6;2;5
tile:xla:tf2_bert_pretrain_dynamic_batch_size_-3f8db52059f0a89b,144;0;145;290;435
tile:xla:resnet_v1_50_official_batch_128_bf16_38bc5f5bf284720e,1576;1296;1553;973;1251
tile:xla:mlperf_bert_batch_24_2x2_53d73b990d5cdc80,459;1199;2295;2573;2016
tile:xla:tf2_bert_pretrain_dynamic_batch_size_-26b59e2f230a7a63,56;71;98;127;111
tile:xla:resnet50.4x4.fp16_576c670f10f8667,6976;3354;5177;3341;2885
tile:xla:resnet_v1_50_official_batch_128_bf16_51e256376abfa8e2,446;0;74;149;220
tile:xla:resnet50.4x4.fp16_f93fbcd2bee89d0,0;182;151;161;344
tile:xla:inception_v3_batch_128_train_-705cf706cd3e2711,295;147;143;211;58
tile:xla:tf2_bert_pretrain_dynamic_batch_size_53d9b7d640a4a443,25;11;36;12;1
tile:xla:resnet_v1_50_official_batch_128_bf16_1bb1962c09897b4c,446;313;111;0;67
tile:xla:resnet_v1_50_official_batch_128_bf16_6a5752d052f849e,2686;3221;4028;653;3965
tile:xla:bert_pretraining.4x4.fp16_a35ebdeb43b3809,755;836;332;80;497
tile:xla:resnet50.4x4.fp16_3eccdb15404ff43d,5907;4401;3801;1345;92
tile:xla:tf2_bert_pretrain_dynamic_batch_size_-54acc78cad6bc858,111;113;71;126;25
tile:xla:bert_pretraining.4x4.fp16_6d4dca078e4f052b,0;3;2;1;0
tile:xla:inception_v3_batch_128_train_7390914126c83f34,7155;2885;337;1173;1696
tile:xla:bert_pretraining.4x4.fp16_7ea64e206b836d1f,0;6;7;14;21
tile:xla:resnet_v1_50_official_batch_128_bf16_618e4d472fb19d1c,992;5497;7660;4855;2472
tile:xla:resnet_v1_50_official_batch_128_bf16_21e386c761d27190,3631;4311;5063;8938;9083
tile:xla:inception_v3_batch_128_train_-72b6735937ef7b35,0;23;20;18;24
tile:xla:mlperf_bert_batch_24_2x2_19e51b4f2409c21d,4;56;121;108;43
tile:xla:resnet_v1_50_official_batch_128_bf16_-cc34837bb829f19,0;198;356;397;596
tile:xla:mlperf_bert_batch_24_2x2_-21a70cce43698495,5405;1372;4430;3394;3966
tile:xla:mlperf_bert_batch_24_2x2_-2d38321f7dca5a1c,57;3;2;68;66
tile:xla:inception_v3_batch_128_train_-24d5e54b671faad9,76;78;0;81;80
tile:xla:unet_3d.4x4.bf16_-2d3143167678ebc2,763;183;246;307;858
tile:xla:resnet50.4x4.fp16_-4433249b3a4cf6f2,689;886;337;460;208
tile:xla:resnet_v1_50_official_batch_128_bf16_2bea628b72fd4080,642;2267;1933;2201;2919
tile:xla:unet_3d.4x4.bf16_128e1e63e17596dc,6950;6413;0;1000;2000
tile:xla:resnet_v1_50_official_batch_128_bf16_-1f158e48f4248343,4451;3411;1988;4349;433
tile:xla:inception_v3_batch_128_train_735a60396f462b40,8950;8949;6950;4276;8558
tile:xla:mlperf_bert_batch_24_2x2_7f7f8a13caf05fd,0;322;645;967;1289
tile:xla:inception_v3_batch_128_train_6b8315e05523d9a8,0;352;703;1050;351
tile:xla:resnet_v1_50_official_batch_128_bf16_-5a784a01d2627656,1080;3207;3241;3776;1621
tile:xla:inception_v3_batch_128_train_-6418eb327fa0e018,232;236;241;59;50
tile:xla:inception_v3_batch_128_train_-6af1d5ca94586cf3,155;87;298;603;498
tile:xla:inception_v3_batch_128_train_-520a218a1d76f99c,0;15;17;8;16
tile:xla:resnet50.4x4.fp16_-f51e75a6a8ac0ba,1954;1361;949;1996;1975
tile:xla:mlperf_bert_batch_24_2x2_-713344aed5821af3,1998;676;349;0;355
tile:xla:unet_3d.4x4.bf16_-66d55ea6ab9f0635,226;39;215;57;176
tile:xla:bert_pretraining.4x4.fp16_-1a91e1daf560d9c7,32;66;15;82;47
tile:xla:tf2_bert_pretrain_dynamic_batch_size_-1972c148bcabec74,235;472;44;186;473
tile:xla:resnet50.4x4.fp16_-a5d83df59b53f1,2179;1880;3200;236;1343
tile:xla:mlperf_bert_batch_24_2x2_-58bd23f6ffa877b7,91;90;81;4;72
tile:xla:tf2_bert_pretrain_dynamic_batch_size_-43ee0987c5036b88,20;0;7;14;21
tile:xla:inception_v3_batch_128_train_3124d99c226af31,5;4;0;3;2
tile:xla:mlperf_bert_batch_24_2x2_7eccc601b21569b9,52;60;0;8;16
tile:xla:inception_v3_batch_128_train_-15278b93cc5d55e7,376;70;553;738;552
tile:xla:bert_pretraining.4x4.fp16_-5e7543f765839356,19;161;18;137;0
tile:xla:resnet50.4x4.fp16_-4c6ea6478a147d6c,759;458;713;416;903
tile:xla:inception_v3_batch_128_train_708a3f62219d2c5f,29;30;28;0;27
tile:xla:inception_v3_batch_128_train_-4c1848547e87dc93,433;1082;570;1457;1160
tile:xla:inception_v3_batch_128_train_726d58a089597460,0;50;98;149;197
tile:xla:tf2_bert_pretrain_dynamic_batch_size_ac4129910261669,426;0;106;213;320
tile:xla:resnet50.4x4.fp16_-26a0ed477ee6bf61,0;242;484;725;966
tile:xla:inception_v3_batch_128_train_-25693efa649ca266,42;38;41;0;40
tile:xla:inception_v3_batch_128_train_-7b4776d4c286d566,38;0;35;29;28
tile:xla:inception_v3_batch_128_train_46b3753da2a2e4f2,572;176;243;42;592
tile:xla:inception_v3_batch_128_train_5e3faa61ece3d7a2,148;66;64;155;78
tile:xla:resnet50.4x4.fp16_5a38f716ab505879,884;258;324;1566;1362
tile:xla:inception_v3_batch_128_train_69b8d3667092b46,872;518;525;0;88
tile:xla:resnet_v1_50_official_batch_128_bf16_39477d98dfc8da5b,1205;1702;1726;0;258
tile:xla:resnet50.4x4.fp16_-1f56247223495e69,1064;460;545;0;153
tile:xla:inception_v3_batch_128_train_-26ab8cce7822e618,93;202;358;200;203
tile:xla:inception_v3_batch_128_train_699d60ea1231c762,158;0;173;185;137
tile:xla:mlperf_bert_batch_24_2x2_-6b9213103f1a39e4,349;86;610;261;259
tile:xla:inception_v3_batch_128_train_40fa8f86f121f00a,272;0;280;203;238
tile:xla:tf2_bert_pretrain_dynamic_batch_size_116e55ce836660da,906;150;1513;301;752